Timestamp,Status,Score,Name,Proof,Tank,Game Mode,Special Submission,Enter Extra Details (Like What Secondary Record You Are Submitting For Or Your Discord Tag like Road#6943):,no
7/20/2018 3:54:09,~,177013,View Older Submissions,https://docs.google.com/spreadsheets/d/1iYS59nu9EOwu2fct0SaOxVV8ZwQBXld94AVvFdUggfo/edit#gid=0,<- View Older Subs,4TDM,,,
11/28/2021 0:39:26,?,1556769,üå∑|retnuH,https://imgur.com/gallery/r2nwHCa,Auto Overseer,Portal 4TDM Maze,,"sorry, the wrong nickname wrote :(",
11/28/2021 2:17:09,v,1779735,Awootube,https://imgur.com/a/JjKe1xs,Machine Gunner,Squads-Duos,,Awootube#9041 this was 4+ months ago :rofl:,
11/28/2021 6:28:23,x,15,Ôº¥ÔΩàÔΩÖ  ÔºµÔΩéÔΩãÔΩéÔΩèÔΩóÔΩé, ,Overdrive,Soccer,Secondary Record,My Fisrt 0.02k :D,
11/28/2021 8:08:50,v,2787320,SHREAK IS GOD,https://imgur.com/a/bWiA8mV,Commander,Open TDM,Highest Arras Scores,PLAESE DONT SPAWN SHREAK BALLS AT 3 AM ,
11/28/2021 13:52:19,v,2009111,Thx m8,https://imgur.com/a/n12haEY,Booster,FFA,Highest Arras Scores,HAS only.,
11/28/2021 14:55:06,v,1666938,CX has cute feet,https://imgur.com/a/xbuFKu1,Septa Trapper,Maze,,this run made me so tired bro it was constant harassment,
11/28/2021 16:04:12,v,678980,Sniper Experimental,https://imgur.com/a/XFU52vU,Factory,Portal 4TDM Maze,,,
11/28/2021 16:44:53,x,985842,Neptuun,https://imgur.com/gallery/Z6bpXaZ,Director,Portal 4TDM Maze,,prolly gonna redo this.,
11/28/2021 16:55:39,x,21360420,Neptuun,https://imgur.com/roghadsexwiththing,Auto Cruiser,Tag,,"request to change sheet name to ""Neptuun"" pls üôè",
11/28/2021 21:26:51,x,3131955,shuna,"https://i.imgur.com/QEKIMpF.png
https://i.imgur.com/CfEG4jY.png
https://i.imgur.com/MwkXASf.png
https://i.imgur.com/fZaEUmX.png",Armsman,Portal 4TDM Maze,Highest Arras Scores,,
11/28/2021 22:47:33,v,2010074,Pawel99UK,https://imgur.com/a/tQ091nc,Commander,Open TDM,Highest Arras Scores,drone in tdm no gg.,
11/29/2021 0:24:23,v,1033110,Awootube,https://imgur.com/a/CNa9GeH,Mega-3,Portal 4TDM Maze,,could have gone higher but i got 4 orgied the second i hit 1m :unamused: will raise eventually,
11/29/2021 0:30:03,x,760573,Just some guy whit a Jewel,https://imgur.com/a/AkXEX6L,Factory,Portal 4TDM Maze,,Just some guy whit a Jewel#7068,
11/29/2021 1:08:55,x,760573,>:/   Jewel   \:<,https://imgur.com/a/AkXEX6L,Factory,Portal 4TDM Maze,,Just some guy whit a Jewel#7068,
11/29/2021 3:36:57,v,985742,Neptuun,https://imgur.com/gallery/qmlv78E,Director,Portal 4TDM Maze,,retry,
11/29/2021 4:54:59,v,2309572,Orange,https://imgur.com/gallery/9GM4ukB,Annihilator,Maze,Highest Arras Scores,ignore my time ratio lol   Orange#1163,
11/29/2021 17:49:06,x,500000,Kuromi,https://imgur.com/kuromi,~~Other~~,FFA,,change my wr name from Destiny to kuromi please kuromi#1605,
11/29/2021 18:43:20,v,3131955,shuna,https://imgur.com/a/4JFikac,Armsman,Portal 4TDM Maze,Highest Arras Scores,,
11/29/2021 23:07:51,v,561651,alt,https://imgur.com/a/AA6y4yg,Eagle,Portal 4TDM Maze,,alt,
11/29/2021 23:18:20,x,2216304,Arras.io Medical School,https://www.imgur.com/r/Arrasio/comments/r4xwio/my_first_2m_221m_healer/?utm_source=share&utm_medium=web2x&context=3,Healer,Siege,Highest Arras Scores,,
11/30/2021 0:56:39,v,1835231,Awootube,https://imgur.com/a/l4fNvQB,Mega-3,Portal 4TDM Maze,,Awootube#9041 wont raise later,
11/30/2021 1:39:12,v,665566,The Warrior,https://imgur.com/a/62eCRMl,Ranger,Portal 4TDM Maze,,"This is my code, I'm not really sure what to do with it but if it helps: !1638206727709:70862:1:Mta+8coi/YSGEARzDw2u    ",
11/30/2021 1:52:59,v,1366643,jax,https://imgur.com/a/bvsptPr,Cruiser,Maze 4TDM,,Hell no,
11/30/2021 11:47:41,v,6011922,hi,https://imgur.com/a/UraMA7j,Auto-Assassin,2TDM,Highest Arras Scores,,
11/30/2021 12:00:10,v,6530341,h,https://www.youtube.com/watch?v=SOimfu8GxB4,Commander,Maze 2TDM,Highest Arras Scores,,
11/30/2021 12:06:38,v,8151530,hi,https://imgur.com/a/JAFwr3A,Auto Double,Squads-Duos,Highest Arras Scores,,
11/30/2021 12:09:20,v,7625281,hi,https://imgur.com/a/sdvpKpl,Gunner Trapper,Squads-Duos,Highest Arras Scores,,
11/30/2021 12:10:04,v,5847826,h,https://imgur.com/a/HsucXJv,Predator,Squads-Duos,Highest Arras Scores,,
11/30/2021 12:10:51,v,5339820,safuez,https://imgur.com/gallery/3qR1rou,Armsman,Squads-Duos,Highest Arras Scores,,
11/30/2021 12:11:36,v,5317223,business and civics,https://imgur.com/gallery/aJG6Ecg,Mega-3,Squads-Duos,Highest Arras Scores,,
11/30/2021 12:13:59,v,3998759,safuez,https://imgur.com/a/t3vkDPX,Crop Duster,Squads-Duos,Highest Arras Scores,,
11/30/2021 12:18:29,v,3783433,safuez,https://imgur.com/gallery/b35IaHl,Musket,Squads-Duos,Highest Arras Scores,,
11/30/2021 12:21:21,v,3581407,h,https://imgur.com/a/3Uo1qpl,Auto Overseer,Squads-Duos,Highest Arras Scores,,
11/30/2021 12:24:23,v,3087665,h,https://imgur.com/a/kiOL16E,Ordnance,Squads-Duos,Highest Arras Scores,,
11/30/2021 12:25:15,?,6079456,h,"https://imgur.com/a/AlYmN4N
",Auto Tri-Angle,FFA,Highest Arras Scores,"Lmk if u need more ss. Not las, cope harder.",
11/30/2021 12:26:15,v,3022076,safuez,https://imgur.com/gallery/sglUUoo,Nailgun,Squads-Duos,Highest Arras Scores,,
11/30/2021 12:27:45,v,5359741,h,https://imgur.com/a/Gu091ns,Overdrive,Squads-Duos,Highest Arras Scores,`,
11/30/2021 12:28:34,v,2300825,Salt,https://imgur.com/a/Xxj4MHZ,Auto Tri-Angle,Portal 4TDM,Highest Arras Scores,,
11/30/2021 12:29:03,v,5388510,h,https://imgur.com/a/kDyvcW1,Banshee,Squads-Duos,Highest Arras Scores,,
11/30/2021 12:30:48,v,2102015,Athu,https://imgur.com/a/oLvMuWp,Crossbow,Squads-Duos,Highest Arras Scores,,
11/30/2021 12:30:51,v,6780645,Stradpult,https://imgur.com/gallery/sntRDmQ,Necromancer,2TDM,Highest Arras Scores,,
11/30/2021 12:33:07,v,2069334,h,https://imgur.com/a/spcMgek,Machine Gunner,Squads-Duos,Highest Arras Scores,,
11/30/2021 12:34:08,v,2020671,Athu,https://imgur.com/gallery/i87EfRx,Poacher,Squads-Duos,Highest Arras Scores,,
11/30/2021 12:34:17,v,6187712,Ender,https://imgur.com/a/QYuOCUi,Shotgun,4TDM,Highest Arras Scores,,
11/30/2021 12:38:44,v,8151530,hi,https://imgur.com/a/1scHNcj,Auto Double,Squads-Duos,Highest Arras Scores,,
11/30/2021 12:39:46,v,7625281,hi,https://imgur.com/a/SzBDnyh,Gunner Trapper,Squads-Duos,Highest Arras Scores,,
11/30/2021 12:41:02,v,6682164,hi,https://imgur.com/a/5gE1jAM,Auto Overseer,2TDM,Highest Arras Scores,,
11/30/2021 12:42:17,v,6581631,hi,https://imgur.com/a/QzRJl9C,Overlord,4TDM,Highest Arras Scores,,
11/30/2021 12:43:00,v,6840775,Ender,https://imgur.com/gallery/oOgXAtC,Mortar,4TDM,Highest Arras Scores,,
11/30/2021 12:43:41,x,6011922,hi,https://youtu.be/a00f_tbdi8I,Auto-Assassin,2TDM,Highest Arras Scores,,
11/30/2021 12:44:37,v,4193782,Ender,https://imgur.com/a/AZKkml8,Nailgun,Portal 4TDM,Highest Arras Scores,,
11/30/2021 12:45:29,v,6008179,hi,https://imgur.com/a/pjg9hr2,Triplet,FFA,Highest Arras Scores,,
11/30/2021 12:46:44,x,5019259,hi,https://imgur.com/a/KIo6Xdj,Surfer,2TDM,Highest Arras Scores,,
11/30/2021 12:48:10,v,4069672,Ender,https://imgur.com/a/unI2OYm,Manager,Portal 4TDM,Highest Arras Scores,m4 is 4m backwarrds,
11/30/2021 12:48:27,v,4657033,hi,https://imgur.com/a/UL3Mdtz,Auto Overseer,2TDM,Highest Arras Scores,,
11/30/2021 12:49:47,v,4468219,hi,https://imgur.com/a/AMQrxMi,Gunner Trapper,4TDM,Highest Arras Scores,,
11/30/2021 12:51:38,v,4153334,hi,https://imgur.com/a/EPEIzRQ,Twin,FFA,Highest Arras Scores,,
11/30/2021 12:52:23,v,2650592,Ender,https://imgur.com/a/OSRJo8e,Auto Cruiser,FFA,Highest Arras Scores,,
11/30/2021 12:52:49,v,4068520,hi,https://cdn.discordapp.com/attachments/856614995802325032/891802566688669726/unknown.png,Overlord,4TDM,Highest Arras Scores,,
11/30/2021 12:53:34,v,3878328,hi,https://imgur.com/a/BnPKvLV,Manager,Open TDM,Highest Arras Scores,,
11/30/2021 12:54:02,v,7484728,h,https://imgur.com/a/VmbiiPb,Crossbow,2TDM,Highest Arras Scores,,
11/30/2021 12:54:40,?,3779900,hi,https://media.discordapp.net/attachments/819241632288866364/840650810995900446/unknown.png,Auto Double,2TDM,Highest Arras Scores,,
11/30/2021 12:55:58,v,3581121,hi,https://imgur.com/a/qFpmyBm,Fighter,Open TDM,Highest Arras Scores,,
11/30/2021 12:57:08,v,2356340,Sniper Experimental,https://imgur.com/a/Tdr0KLg,Predator,Squads-Duos,Highest Arras Scores,,
11/30/2021 12:57:23,v,3536073,hi,https://media.discordapp.net/attachments/819241632288866364/840664085729378374/unknown.png,Surfer,4TDM,Highest Arras Scores,,
11/30/2021 12:58:26,v,3210952,hi,"http://media.discordapp.net/attachments/819241632288866364/819815322038960148/unknown-1.png
",Triplet,FFA,Highest Arras Scores,,
11/30/2021 12:59:35,v,3090401,hi,"http://media.discordapp.net/attachments/819241632288866364/819651959425859614/unknown.png
",Triplet,Maze,Highest Arras Scores,,
11/30/2021 13:01:16,v,3075897,hi,"https://cdn.discordapp.com/attachments/856614995802325032/879154826750095410/unknown.png
",Predator,2TDM,Highest Arras Scores,,
11/30/2021 13:03:01,v,3024446,hi,https://cdn.discordapp.com/attachments/856614995802325032/896451022770282576/unknown.png,Overlord,2TDM,Highest Arras Scores,,
11/30/2021 13:04:08,v,3005627,hi,"https://cdn.discordapp.com/attachments/856614995802325032/868593646381989968/unknown.png
",Crop Duster,FFA,Highest Arras Scores,,
11/30/2021 13:06:34,v,2907172,hi,http://media.discordapp.net/attachments/819241632288866364/819242702033387540/boDWyQDT8yYERNlsbzJP_unknown.png,Auto Double,FFA,Highest Arras Scores,,
11/30/2021 13:07:32,v,2802977,hi,"media.discordapp.net/attachments/819241632288866364/843899882867392522/unknown.png
",Annihilator,Maze 2TDM,Highest Arras Scores,,
11/30/2021 13:08:48,v,929947,Neptuun,https://imgur.com/gallery/Z5Kmsw7,Auto Cruiser,Portal 4TDM Maze,,no,Neptuun = fat
11/30/2021 13:08:52,v,2746219,hi,"https://cdn.discordapp.com/attachments/856614995802325032/868189944600997908/unknown.png
",Necromancer,2TDM,Highest Arras Scores,,
11/30/2021 13:09:56,v,2712013,hi,https://media.discordapp.net/attachments/819241632288866364/863794078642995251/unknown.png,Necromancer,2TDM,Highest Arras Scores,,
11/30/2021 13:11:09,v,2711797,hi,"https://media.discordapp.net/attachments/819241632288866364/819242627315662878/HFkWvqeYSqg7mPrjsRBI_unknown.png
",Auto Double,FFA,Highest Arras Scores,,
11/30/2021 13:12:09,v,2702033,hi,"https://media.discordapp.net/attachments/819241632288866364/838102056631271424/unknown.png?width=720&height=405
",Octo Tank,FFA,Highest Arras Scores,,
11/30/2021 13:13:01,v,2699411,hi,"https://media.discordapp.net/attachments/819241632288866364/819242930442862602/unknown.png
",Triplet,Squads-Duos,Highest Arras Scores,,
11/30/2021 13:14:06,v,2667556,hi,"https://media.discordapp.net/attachments/819241632288866364/839595495968997416/unknown.png
",Surfer,Open TDM,Highest Arras Scores,,
11/30/2021 13:15:00,v,2636876,hi,"https://media.discordapp.net/attachments/819241632288866364/838455076498440193/unknown.png
",Mega Smasher,Squads-Duos,Highest Arras Scores,,
11/30/2021 13:16:12,v,2621859,hi,"https://cdn.discordapp.com/attachments/856614995802325032/913592822978994206/unknown.png
",Skimmer,2TDM,Highest Arras Scores,,
11/30/2021 13:16:59,v,2544686,hi,"https://media.discordapp.net/attachments/819241632288866364/839640907212390410/unknown.png
",Auto Tri-Angle,2TDM,Highest Arras Scores,,
11/30/2021 13:17:43,v,2540152,hi,"https://media.discordapp.net/attachments/819241632288866364/841115216054059028/unknown.png?width=720&height=405
",Auto Tri-Angle,FFA,Highest Arras Scores,,
11/30/2021 13:18:29,v,2487934,hi,"https://media.discordapp.net/attachments/819241632288866364/834849418951131136/unknown.png
",Annihilator,Squads-Duos,Highest Arras Scores,,
11/30/2021 13:19:18,v,2385852,hi,"https://media.discordapp.net/attachments/819241632288866364/834924365220806676/unknown.png
",Annihilator,Squads-Duos,Highest Arras Scores,,
11/30/2021 13:20:31,v,2349614,hi,"https://cdn.discordapp.com/attachments/856614995802325032/872847130581151774/unknown.png
",Triplet,FFA,Highest Arras Scores,,
11/30/2021 13:21:34,v,2314128,hi,"https://media.discordapp.net/attachments/819241632288866364/824699322914046002/unknown.png
",Triplet,FFA,Highest Arras Scores,,
11/30/2021 13:22:31,v,2258235,hi,"https://media.discordapp.net/attachments/819241632288866364/835213611039195176/unknown.png
",Annihilator,2TDM,Highest Arras Scores,,
11/30/2021 13:23:27,v,2169280,hi,"https://media.discordapp.net/attachments/819241632288866364/850038851266412585/unknown.png
",Manager,Open TDM,Highest Arras Scores,,
11/30/2021 13:24:27,v,2137431,hi,"https://media.discordapp.net/attachments/819241632288866364/829046326439968798/unknown.png
",Trap Guard,Squads-Duos,Highest Arras Scores,,
11/30/2021 13:25:36,v,2136586,hi,"https://cdn.discordapp.com/attachments/819241632288866364/863873739930468353/unknown.png
",Twin,Squads-Duos,Highest Arras Scores,,
11/30/2021 13:26:28,v,2077478,hi,"https://cdn.discordapp.com/attachments/856614995802325032/881331523519918090/unknown.png
",Auto Tri-Angle,Squads-Duos,Highest Arras Scores,,
11/30/2021 13:27:34,v,2044380,hi,"https://cdn.discordapp.com/attachments/819241632288866364/860643468375752734/unknown.png
",Triplet,4TDM,Highest Arras Scores,,
11/30/2021 13:28:55,v,2020045,hi,"https://media.discordapp.net/attachments/819241632288866364/850926669182533682/unknown.png
",Surfer,4TDM,Highest Arras Scores,,
11/30/2021 13:30:34,v,2009693,hi,"https://media.discordapp.net/attachments/819241632288866364/849446138099662878/unknown.png
",Mega Smasher,4TDM,Highest Arras Scores,,
11/30/2021 13:31:34,v,2006455,hi,"https://cdn.discordapp.com/attachments/856614995802325032/865651040559824897/unknown.png
",Ordnance,Squads-Duos,Highest Arras Scores,,
11/30/2021 13:32:24,v,2000977,hi,"https://media.discordapp.net/attachments/819241632288866364/830930269237280798/unknown.png
",Triplet,Maze,Highest Arras Scores,,
11/30/2021 13:33:06,v,2000415,hi,"https://media.discordapp.net/attachments/819241632288866364/828002354024153138/unknown.png
",Twin,Squads-Duos,Highest Arras Scores,,
11/30/2021 16:02:52,v,2783397,UwU,https://imgur.com/a/z1fnMDs,Auto Spawner,FFA,Highest Arras Scores,FrenchTrooper#5148,
11/30/2021 16:21:40,x,1563317,rks,https://imgur.com/a/keX0dCB,Skimmer,Portal 4TDM Maze,,uh,
11/30/2021 19:58:46,v,765853,edamame„Å®„ÅÑ„Åµ‰∫∫,https://imgur.com/a/IocZ0Rk,Penta Shot,Portal 4TDM Maze,,,
11/30/2021 22:48:27,x,865203,Getzia ;),https://imgur.com/,Overlord,Maze,Secondary Record,Road#6943,
11/30/2021 22:49:12,x,516277,Getzia ;),https://imgur.com/,Dual,Portal Mothership,Highest Arras Scores,Road#6943,
11/30/2021 22:51:17,x,1009342,Getzia ;),https://imgur.com/,Smasher,Maze,Highest Arras Scores,Road#6943,
11/30/2021 22:52:13,x,662038,Getzia ;),https://imgur.com/,Maleficitor,FFA,Highest Arras Scores,Road#6943 ,
11/30/2021 23:00:47,x,13187223,YOBIS CRACKAR,https://imgur.com/,Double Twin,Open Maze TDM,Highest Arras Scores,Pleas donot dony my submissuon! I work very hard to get score. ,
11/30/2021 23:11:36,v,16969696,PRAISE ALLAH,https://imgur.com/praise_allah,Auto 3,Assault,Secondary Record,luna.#0001,
12/1/2021 3:24:43,x,2000000,"dylan-change name ""allan"" to [L-39]",https://imgur.com/a/gNTKcAx,Auto Spawner,Mothership,," dylan-change name ""allan"" to [L-39]",
12/1/2021 5:00:32,v,2002575,Orange,https://imgur.com/gallery/r0xQtcC,Mortar,Maze,Highest Arras Scores,Orange#1163,
12/1/2021 7:17:22,v,2124248,true comrade ‚ò≠,https://imgur.com/a/36lK5z2,Manager,Portal 4TDM Maze,Highest Arras Scores,COMMUNISM FOREVER ‚ò≠‚ò≠‚ò≠‚ò≠‚ò≠‚ò≠‚ò≠‚ò≠‚ò≠‚ò≠‚ò≠,
12/1/2021 9:25:18,v,1154891,business and civics,https://imgur.com/a/4EYetB7,Auto 3,Maze,,,
12/1/2021 9:28:21,v,2416262,business and civics,https://imgur.com/gallery/bF1yiUv,Bent Double,Maze,Highest Arras Scores,,
12/1/2021 9:29:56,v,3750630,business and civics,https://imgur.com/gallery/7ihq3kf,Auto Cruiser,Open TDM,,,
12/1/2021 9:31:10,v,5249935,business and civics,https://imgur.com/gallery/gVmGx97,Battleship,Open TDM,,,
12/1/2021 9:32:24,v,4647392,business and civics,https://imgur.com/gallery/fra2Rsc,Mega-3,Open TDM,Highest Arras Scores,,
12/1/2021 9:33:46,v,3006317,business and civics,https://imgur.com/a/zJ1dLJm,Mega-3,Open TDM,Highest Arras Scores,,
12/1/2021 9:35:46,v,3269205,business and civics,https://imgur.com/a/RrxH7x0,Mega-3,Maze 4TDM,,,
12/1/2021 9:36:59,v,2162090,business and civics,https://imgur.com/a/a3QRRcV,Mega-3,4TDM,Highest Arras Scores,,
12/1/2021 9:40:54,v,2571389,business and civics,https://imgur.com/a/A56FhNv,Mega-3,Open Maze TDM,Highest Arras Scores,,
12/1/2021 11:05:13,v,1219675,Giggity,https://imgur.com/a/xSYgBZf,Constructor,Portal 4TDM Maze,,Giggity#8267 | too lazy to restore ill raise later,
12/1/2021 17:07:13,v,2209799,Thx m8,https://imgur.com/a/IyRsKId,Landmine,4TDM,Highest Arras Scores,HAS only.,
12/1/2021 20:15:39,v,1826157,Salt,https://imgur.com/a/MsBRP2S,Auto Tri-Angle,Portal 4TDM Maze,,,
12/1/2021 22:09:15,x,1163944,Orange,https://imgur.com/gallery/lQxkWXb,Manager,Maze,Secondary Record,this is for most amount of extra stat points at 1m,
12/1/2021 23:31:47,v,1119005,üå∑|retnuH,https://imgur.com/gallery/3u6zBk1,Sniper,Portal 4TDM Maze,,,
12/2/2021 0:40:04,v,996177,The Warrior,https://imgur.com/a/fbbz3Cg,Commander,Portal 4TDM Maze,,IM SO TRIGGERED THIS COULD HAVE BEEN MY FIRST 1M :( ,
12/2/2021 0:42:51,v,1004122,Orange,https://imgur.com/gallery/nH9R8cF,Overlord,Maze,Secondary Record,Orange#1163,
12/2/2021 0:48:36,v,3217861,ErrorAce.,https://imgur.com/a/Kniq1am,Octo Tank,Squads-Duos,Highest Arras Scores,ErrorAce.#0004,
12/2/2021 1:31:51,?,1051520,Wookie,https://imgur.com/a/jSmTKYj,Sidewinder,Portal 4TDM Maze,,Wookie#6969,
12/2/2021 1:58:47,x,3651902,‰ºüÂ§ßÁöÑ‰ºüÂ§ßÊàò‰∫â„ÄÇ,https://imgur.com/a/HJAK3rT23w4,Poacher,4TDM,Highest Arras Scores,ÁúüÁ•û#6969,
12/2/2021 8:50:58,v,1845568,Mine,https://imgur.com/a/rz3nE2B,Boomer,Maze 2TDM,,,
12/2/2021 10:51:02,?,1270326,peanut,https://imgur.com/a/Z8Cxofx,Sidewinder,Open Maze TDM,,Mylan#9169,
12/2/2021 12:22:33,x,766946,TEODAN10,https://imgur.com/a/HxbUNrj,Annihilator,Squads-Duos,,"Te√≥filo Ch√°vez#5259, exellent game!",
12/2/2021 17:53:13,v,1200382,üå∑|retnuH,https://imgur.com/gallery/5D5VqZZ,Surfer,Portal 4TDM Maze,,,
12/2/2021 20:29:55,?,1051520,Wookie,https://imgur.com/a/vVZoSYl,Sidewinder,Portal 4TDM Maze,,Wookie#6969,
12/2/2021 20:56:43,v,2525395,‚ö°Balle—è‚ö°,https://imgur.com/gallery/bWcomiu,Predator,Open TDM,Highest Arras Scores,xSBallerSx#6273,
12/2/2021 21:15:21,v,582180,edamame„Å®„ÅÑ„Åµ‰∫∫,https://imgur.com/a/Dh6iiXl,Auto 3,Portal 4TDM Maze,,,
12/3/2021 0:01:06,x,1300000,Puffins,https://youtu.be/uNL3Tbasjgo,Predator,Squads-Duos,,,
12/3/2021 1:51:05,x,1509312, ,https://imgur.com/a/w39JKt71m,Sidewinder,Open Maze TDM,,Scramming#3017,
12/3/2021 1:57:12,x,2609132, ,https://imgur.com/a/LtR71eg4w,Dual,2TDM,Highest Arras Scores,Scramming#3017 | HAS only,
12/3/2021 2:05:40,x,3118734, ,https://imgur.com/a/T7yrtM92e,Hybrid,Open TDM,Highest Arras Scores,Scramming#3017,
12/3/2021 7:07:10,v,1004122,Orange,https://imgur.com/gallery/nH9R8cF,Overlord,Maze,Secondary Record,Orange#1163,
12/3/2021 10:34:43,v,1728871,peanut,https://imgur.com/a/kABtoEc,Hewn Double,Open Maze TDM,,Mylan#9169,
12/3/2021 16:00:16,x,706973,Cute owo,https://imgur.com/a/DgHs2eX,Sidewinder,Portal 4TDM Maze,,Bsianuwu#9254,
12/3/2021 16:18:06,v,2054279,Buddy_Dog,https://imgur.com/gallery/oWuWxFB,Annihilator,4TDM,Highest Arras Scores,Buddy_Dog#1441,
12/3/2021 17:53:22,x,694200,read‚Üí,https://imgur.com/,~~Other~~,Soccer,,change my wr name from Destiny to kuromi,
12/3/2021 17:55:21,x,694200,sorry nvm ‚Üë,https://imgur.com/,~~Other~~,FFA,,,
12/3/2021 18:55:14,v,1483984,E ve,https://imgur.com/a/TNOIZuU,Ordnance,Maze,,kuromi#1605,
12/3/2021 21:44:44,v,1334419,ùêî,https://imgur.com/a/2wZeNPI,Beekeeper,Portal 4TDM Maze,,,
12/3/2021 22:05:24,v,700253,Vinh HD,https://imgur.com/a/oifR7wa,Launcher,Portal 4TDM Maze,,,
12/3/2021 22:26:33,v,1127778,ùêî,https://imgur.com/a/I93QHuQ,Commander,Portal 4TDM Maze,,,
12/3/2021 22:40:02,v,2568960,‚ö°ùïØùñóùñÜùñåùñîùñì‚ö°INDONESIA,https://imgur.com/gallery/xvyd7qg,Manager,Maze 4TDM,Highest Arras Scores,ggs,
12/4/2021 1:41:28,v,2280654,drone gamer,https://imgur.com/gallery/dZzsKhY,Overseer,4TDM,Highest Arras Scores,Vangu#4789,
12/4/2021 3:28:22,x,2981062,DONT READ MY NAME,https://imgur.com/gallery/h6TTy9Me,Overlord,Maze,Highest Arras Scores,,
12/4/2021 3:29:13,x,4562901,DONT READ MY NAME,https://imgur.com/gallery/6whJ43mK,Smasher,4TDM,Highest Arras Scores,,
12/4/2021 9:08:36,v,2493409,h,https://imgur.com/a/V11ev8O,Overseer,Open Maze TDM,Highest Arras Scores,,
12/4/2021 12:32:09,v,2160808,Buddy_Dog,https://imgur.com/gallery/X3jBra3,Overdrive,FFA,Highest Arras Scores,Buddy_Dog#1441,
12/4/2021 14:54:18,v,2444931,you tried ‚òÜ,https://imgur.com/a/Y2xE9bn,Hybrid,Open Maze TDM,Highest Arras Scores,,
12/4/2021 15:01:07,v,1860322,h,https://imgur.com/a/GTHL19x,Auto-Assassin,Maze 2TDM,,,
12/4/2021 17:14:14,v,3106250,ByEkc,https://imgur.com/a/ukTtAhB,Director,4TDM,Highest Arras Scores,no 5.0m director :pensive:,
12/4/2021 19:26:21,v,2253658,Smiley,https://imgur.com/a/0bO5ptt,Twister,4TDM,Highest Arras Scores,HAS only,
12/4/2021 23:30:15,x,6900420,TheMadLad,https://imgur.com/a/GMaRo1b,Cruiser,Domination,Highest Arras Scores,Dont be so harsh with xentria,
12/5/2021 8:11:31,v,3498275,hi,https://imgur.com/a/kq2QDTX,Manager,4TDM,Highest Arras Scores,,
12/5/2021 15:39:13,v,2119419,a letter a,https://imgur.com/a/j7tJhCw,Battleship,2TDM,Highest Arras Scores,nerf orgy pls :((((((,
12/5/2021 15:49:33,v,2128132,Bad Octo,https://imgur.com/a/EuuKKxA,Octo Tank,Squads-Duos,Highest Arras Scores,,
12/5/2021 18:02:52,v,500000,edamame„Å®„ÅÑ„Åµ‰∫∫,https://www.youtube.com/watch?v=CSUTZ-I9rKA,Manager,Maze,Secondary Record,"[Highest score] without moving 297,531 score.",
12/5/2021 21:05:28,v,4042459,Marcus,https://imgur.com/a/XwIqbEl,Spreadshot,4TDM,Highest Arras Scores,<Marcus#8731,
12/5/2021 21:45:50,v,3182917,Mine,https://imgur.com/a/esg5eGN,Streamliner,Maze,Highest Arras Scores,,
12/5/2021 21:59:17,v,3198459,Catto,https://imgur.com/a/8aQL3wG,Director,Squads-Duos,Highest Arras Scores,Catto#0012,
12/5/2021 22:33:54,v,4159083,drone gamer,https://imgur.com/gallery/be9zSDm,Landmine,4TDM,Highest Arras Scores,Vangu#4789,
12/6/2021 9:18:36,v,987585,ÂàÄ,https://imgur.com/a/sA8fiYM,Gunner,Portal 4TDM Maze,,lol,
12/6/2021 10:27:25,v,2525395,‚ö°Balle—è‚ö°,https://imgur.com/gallery/bWcomiu,Predator,Open TDM,Highest Arras Scores,xSBallerSx#6273,
12/6/2021 11:35:02,v,1390288,Mine,https://imgur.com/a/l9yEAaP,Auto Smasher,Portal 4TDM Maze,,,
12/6/2021 14:48:55,v,732193,Q,https://imgur.com/a/Eue7WYd,Pounder,Portal 4TDM Maze,,Im an Idiot,
12/6/2021 14:56:39,v,2077935,Lyre,https://imgur.com/a/BCKw88h,Smasher,4TDM,Highest Arras Scores,toast is bad,
12/6/2021 14:58:50,v,1777052,Lyre,https://youtu.be/3jvnRO6Yldc,Auto Spawner,Open TDM,,toast is bald,
12/6/2021 15:09:13,v,2819395,Lyre,https://imgur.com/a/2u4SnNC,Twister,Squads-Duos,Highest Arras Scores,toast worst player,
12/6/2021 15:18:26,v,1026729,Cykattie,https://imgur.com/a/GK6eCWu,Poacher,Portal 4TDM Maze,,amog,
12/6/2021 15:50:37,v,935164,Q,https://imgur.com/a/Ko4gxPf,Auto-5,Portal 4TDM Maze,,Otomatones > Bad Ratio :(,
12/6/2021 16:21:31,v,645489,Cykattie,https://imgur.com/a/VCQBqta,Eagle,Portal 4TDM Maze,,why,
12/6/2021 19:05:34,v,2032352,jsoha,https://imgur.com/gallery/T3Njke4,Poacher,FFA,Highest Arras Scores,buff poacher/hunter,
12/6/2021 22:48:54,v,1884105,BaLu,https://youtu.be/9D3A5l-1Mgc,Maleficitor,Portal 4TDM Maze,,BaLu#5061,
12/6/2021 23:42:10,v,1012763,Askatasuna,https://imgur.com/a/Dps8aJc,Battleship,Portal 4TDM Maze,,- finally senior player lmfao,
12/7/2021 1:10:18,?,946038,Sky4ce09,https://imgur.com/a/ESPeTJS,Gunner Trapper,Portal 4TDM Maze,,discord tag is x$ky4¬¢e09#9364,
12/7/2021 1:13:44,v,1841724,Helaas Pindakaas,https://imgur.com/a/qFCoUpz,Triple Twin,Portal 4TDM Maze,,Laurencher#2113,
12/7/2021 3:49:04,x,696969,EatMyCarrotStick123,https://imgur.com/,Ranger,Siege,Highest Arras Scores,omg daddy crot wanna vc? uwu :blush:,
12/7/2021 4:27:43,x,1376541,MultiAcropolictic,https://imgur.com/a/ut3MJr4o9,Director,Open Maze TDM,,,
12/7/2021 4:48:00,x,6969,T h e  U n k n o w n,,Falcon,Portal 4TDM,Highest Arras Scores,Denyed 7k :(,
12/7/2021 4:51:13,x,6969,T h e  U n k n o w n,,Constructor,Siege,,MY FIRST SEIGE 1MIL!,
12/7/2021 6:41:36,v,4879985,‚ö°Balle—è‚ö°,https://imgur.com/gallery/QXNHCgU,Factory,Siege,Highest Arras Scores,xSBallerSx#6273,
12/7/2021 9:28:49,x,1009285,Q,https://imgur.com/a/GdXMIaG,Auto Cruiser,FFA,Secondary Record,"Auto cruiser , Q#4294",
12/7/2021 9:30:41,x,1042191,Q,https://imgur.com/a/uc0KL3R,Auto Gunner,FFA,Secondary Record,"Auto Gunner , Q#4294",
12/7/2021 9:32:04,x,1042476,Q,https://imgur.com/a/poguRdx,Auto-Assassin,FFA,Secondary Record,"Auto Assassin , Q#4294",
12/7/2021 9:34:49,x,1012092,Q,https://imgur.com/a/uOyuqvM,Predator,FFA,Secondary Record,"Predator , Q#4294",
12/7/2021 10:17:04,v,2426651,PaNcAkE,https://imgur.com/a/SVsEfBs,Smasher,2TDM,Highest Arras Scores,SMASHER IS BAD,
12/7/2021 13:26:26,v,2062316,Broskiwastaken/Salute,https://imgur.com/a/r1xg3tZ,Healer,Siege,Highest Arras Scores,trolololololololololololol,
12/7/2021 20:19:31,x,598107,T h e  U n k n o w n,https://imgur.com/a/DIj923kVr,Tri-Angle,Squads-Duos,Highest Arras Scores,"Yet we have another denyed submission! Please accept this, I'm a good player I can prove it!",
12/7/2021 22:28:29,v,1276318,poui,https://imgur.com/a/7RF7jLM,Crossbow,Maze 4TDM,,poui#2675,
12/7/2021 23:23:21,?,2087132,Supreme Court Justice,https://youtube.com/watch/akshk923jY,Auto Tri-Angle,FFA,Highest Arras Scores,,
12/8/2021 1:56:25,v,3619032,ExC,https://imgur.com/a/iutBtup,Nailgun,FFA,Highest Arras Scores,kek,
12/8/2021 2:02:39,x,1275782,[DT] ¬Ø\_(„ÉÑ)_/¬Ø ùô≥ùöäùöõùöîùöëùöéùöäùöõùöù ¬Ø\_(„ÉÑ)_/¬Ø„Éé‚úø,https://imgur.com/gallery/77yI3mK4,Annihilator,Maze,Secondary Record,fuck team killers,
12/8/2021 3:50:05,v,1883336,Mine,https://imgur.com/a/bJROuQj,Streamliner,Portal 4TDM Maze,,,
12/8/2021 4:17:12,v,514585,ÂàÄ,https://imgur.com/a/8MDy7FO,Auto-4,Portal 4TDM Maze,,lol,
12/8/2021 8:58:52,v,720522,ÂàÄ,https://imgur.com/a/VajzpIM,Eagle,Portal 4TDM Maze,,lol,
12/8/2021 9:00:20,x,802635,Astro,https://youtu.be/3UyhwqvlgMQ,Auto Builder,Squads-Duos,,pls tell me this is a record üòÇ,
12/8/2021 9:39:07,v,1086098,Bsian,https://imgur.com/a/Y0lNyq9,Auto-5,Portal 4TDM Maze,,,
12/8/2021 9:43:49,v,2236655,ÂàÄ,https://imgur.com/a/zs6VxU5,Stalker,Squads-Duos,Highest Arras Scores,lol,
12/8/2021 11:17:01,v,1152144,ÂàÄ,https://imgur.com/a/AxLtKkn,Battleship,Portal 4TDM Maze,,read the note next to the x,
12/8/2021 20:11:29,v,3483381,4m,https://imgur.com/gallery/PgDNmE2,Overlord,FFA,Highest Arras Scores,banning isnt a huge advantage dw,
12/8/2021 20:29:54,v,3109447,xahh,https://imgur.com/a/43J0ofM,Constructor,4TDM,Highest Arras Scores,NutNZ#3101,
12/8/2021 23:41:42,v,2201581,Askatasuna,https://imgur.com/a/6pZ5rFw,Commander,4TDM,Highest Arras Scores,HAS only,
12/8/2021 23:42:32,v,2818295,Askatasuna,https://imgur.com/a/bJ2O9uq,Overlord,4TDM,Highest Arras Scores,HAS only,
12/8/2021 23:43:27,v,2514194,Askatasuna,https://imgur.com/a/eMoxh4m,Overseer,Portal 4TDM,Highest Arras Scores,HAS only,
12/8/2021 23:44:24,v,2137445,Askatasuna,https://imgur.com/a/mwzFIMu,Triple Twin,4TDM,Highest Arras Scores,HAS only,
12/9/2021 17:06:52,v,2308860,ErrorAce.,https://imgur.com/a/UehbqgM,Twister,2TDM,Highest Arras Scores,ErrorAce.#0004,
12/9/2021 17:10:17,v,2100000,ErrorAce.,https://imgur.com/a/6e5j2Cf,Octo Tank,2TDM,Highest Arras Scores,ErrorAce.#0004,
12/9/2021 17:12:27,x,2262433,ErrorAce.,https://imgur.com/a/QrUh5zC,Octo Tank,2TDM,Highest Arras Scores,ErrorAce.#0004,
12/9/2021 17:15:02,v,2030000,ErrorAce.,https://imgur.com/a/ZS4LTGs,Octo Tank,4TDM,Highest Arras Scores,ErrorAce.#0004,
12/9/2021 17:16:38,x,2190473,ErrorAce.,https://imgur.com/a/HOceEun,Skimmer,2TDM,Highest Arras Scores,ErrorAce.#0004,
12/9/2021 19:23:11,v,1236735,üå∑|retnuH,https://imgur.com/gallery/Iop3kQ3,Director,Portal 4TDM Maze,,,
12/9/2021 20:42:01,v,3131955,shuna,https://imgur.com/a/4JFikac,Armsman,Portal 4TDM Maze,Highest Arras Scores,p4maze's WR. pls register.,
12/10/2021 2:06:08,x,1643097,i shat myself,https://youtu.be/fj99YtKoPe24,Twin,Maze,,,
12/10/2021 4:01:17,x,3000000,SteamingBird705892,https://imgur.com/a/JKi92erF,Trap Guard,Maze 2TDM,Highest Arras Scores,,
12/10/2021 7:51:20,v,2632885,‚ö°Balle—è‚ö°,https://imgur.com/gallery/QOZdH8u,Ambulance,Siege,Highest Arras Scores,xSBallerSx#6273,
12/10/2021 7:56:59,v,4236636,‚ö°Balle—è‚ö°,https://imgur.com/gallery/s17eKAS,Factory,Siege,Highest Arras Scores,xSBallerSx#6273,
12/10/2021 8:07:15,v,1266118,toast?,https://imgur.com/a/B9Eg0JO,Cruiser,Portal 4TDM Maze,,ilysm rev,
12/10/2021 10:27:59,v,4603093,xahh,https://imgur.com/a/IQBacrK,Crop Duster,2TDM,Highest Arras Scores,NutNZ#3101,
12/10/2021 10:52:31,x,1059722,KAlu,https://imgur.com/a/66unrXB,Bulwark,Portal 4TDM Maze,,,
12/10/2021 11:00:22,x,2000000,spank#8857=Mr.Hacker Yt,https://www.youtube.com/channel/UCDCZE1wAniMuEpnkwsQn8ig,Ambulance,Soccer,Highest Arras Scores,Mr.Hacker YT = spank ,
12/10/2021 11:36:16,v,3199251,-,https://imgur.com/a/TQVzRJs,Manager,Squads-Duos,Highest Arras Scores,,
12/10/2021 11:56:25,x,6079456,NOT LAS LOL,https://i.imgur.com/539gX0Q.png,Auto Tri-Angle,FFA,Highest Arras Scores,NOT LAS LOL,
12/10/2021 13:37:17,x,1080674,Astro,https://youtu.be/0rWSCF9AtY0,Auto Builder,Maze,,"Assuming this isnt the record, what is the record for autobuilder maze?",
12/10/2021 14:07:03,?,1051520,Wookie,https://imgur.com/a/vVZoSYl,Sidewinder,Portal 4TDM Maze,,Wookie#8148 bruh,
12/10/2021 16:22:04,v,1030633,Land,https://imgur.com/a/9rNI4AD,Auto-4,Portal 4TDM Maze,,Land#9254,
12/10/2021 17:11:41,x,709788,-,https://imgur.com/a/Xe6wzsw,Artillery,Portal 4TDM Maze,,,
12/10/2021 21:19:56,x,6079456,It's legit accept HAS lmao,https://i.imgur.com/zGVm0AZ,Auto Tri-Angle,FFA,Highest Arras Scores,Accept Dylan's auto tri.  The proof should be straight forward.,
12/10/2021 21:39:12,v,1023030,toast?,https://imgur.com/a/YfvIO5k,Factory,Portal 4TDM Maze,,askib worst factory,
12/10/2021 22:50:24,v,2175458,aisa,https://imgur.com/a/HSgxIJT,Surfer,Squads-Duos,Highest Arras Scores,HAS only,
12/11/2021 8:17:32,v,1542711,toast?,https://imgur.com/a/7YKPIC8,Cruiser,Portal 4TDM Maze,,askib worst fac,
12/11/2021 10:18:19,v,678890,Land,https://imgur.com/a/qMFuSLB,Artillery,Portal 4TDM Maze,,Land#9254,
12/11/2021 11:51:16,v,2222751,Awootube,https://imgur.com/a/wlN354Z,Paramedic,Siege,,"Awootube#9041 bt team needs more love.. this update is pretty good im ngl, i think we should keep these new healers, it really spices up siege and makes for a couple more 1ms to get in siege too. ",
12/11/2021 12:44:28,v,961119,Cykattie,https://imgur.com/a/UX80DPl,Artillery,Portal 4TDM Maze,,ae,
12/11/2021 15:36:23,x,1055781,ùìíùìÆùìµùìÆùìºùìΩùì≤ùì™ùìµüåô,https://imgur.com/a/mweWVR3,Poacher,Maze 2TDM,,almost wr :c,
12/11/2021 18:23:01,v,2562807,Broskiwastaken/Salute,https://imgur.com/a/7DX9Gcc,Paramedic,Siege,,paramedic 3m when? :'),
12/11/2021 18:25:44,x,21420000,Broskiwastaken/Salute,https://www.youtube.com/watch?v=dQw4w9WgXcQ&ab_channel=RickAstley,~~Other~~,Siege,,can you put the paramedic score in has?,
12/12/2021 2:07:52,v,1132558,Corrupt Y,https://imgur.com/a/EV6JkVt,Launcher,Maze 4TDM,,,
12/12/2021 3:26:09,v,1194112,‚ö°Balle—è‚ö°,https://imgur.com/gallery/N8hKqIm,Auto Tri-Angle,Maze 2TDM,,xSBallerSx#6273,
12/12/2021 6:48:25,v,2465240,Broken,https://imgur.com/a/d7gyh1q,Overdrive,Maze 2TDM,Highest Arras Scores,hi,
12/12/2021 7:25:13,v,2193295,‚ö°Balle—è‚ö°,https://imgur.com/gallery/aj4wMnw,Spawner,Maze 2TDM,Highest Arras Scores,xSBallerSx#6273,
12/12/2021 8:30:13,v,2924514,jax,https://imgur.com/a/CHfzTea,Spike,2TDM,Highest Arras Scores,,
12/12/2021 8:38:14,x,1462772,Broskiwastaken/Salute,https://imgur.com/a/aicWumm,Medic,Siege,,Are <2m scores allowed for healers?,
12/12/2021 10:26:41,v,669621,Mr.Hacker YT,https://imgur.com/gallery/2ETGc5H,Minigun,Portal 4TDM Maze,,"Mr.Hacker YT#1382 - I get fakes on the WR sheet occasionally, if you're unsure just DM me",
12/12/2021 11:17:17,v,2719649,Awootube,https://imgur.com/a/6FVwTlH,Paramedic,Siege,,"Awootube#9041, highest paramedic once more :flushed:",
12/12/2021 18:56:38,v,1382249,poui,https://imgur.com/a/qsMEb9a,Crossbow,Maze,,poui#2675,
12/12/2021 23:26:36,v,2076088,Catto,https://imgur.com/a/bvZamRw,Architect,Squads-Duos,Highest Arras Scores,Catto#0012,
12/13/2021 0:03:00,v,3657999,Awootube,https://imgur.com/a/UCpOGpI,Overgunner,Squads-Duos,Highest Arras Scores,Awootube#9014 colon pro duos (duos more impressive than squads),
12/13/2021 6:20:47,x,1269490,Mr.Hacker,https://imgur.com/a/Cb9FgUM,Auto Spawner,Maze 4TDM,,,
12/13/2021 6:23:12,v,1269490,Mr.Hacker YT,https://imgur.com/a/Cb9FgUM,Auto Spawner,Maze 4TDM,,"Ignore Ignore the above submission, it used the wrong name",
12/13/2021 8:46:47,v,1308429,Broken,https://imgur.com/a/loaY4ZS,Overseer,Portal 4TDM Maze,,uwuseer,
12/13/2021 10:39:28,v,1681191,-,https://imgur.com/a/ubEoSrO,Machine Gunner,Maze,,,
12/13/2021 11:51:06,x,1458451,Na‚Ä†o Birb,https://imgur.com/AIwHczn,Octo Tank,2TDM,Highest Arras Scores,second 1m,
12/13/2021 19:42:54,x,1505432,KR Lime Lemon,https://imgur.com/a/m3TOA20,Paramedic,Siege,,Lamon#1357,
12/13/2021 22:06:44,x,786389,Hi·∫øu VN 2k8,https://imgur.com/a/QLVcIzu,Octo Tank,4TDM,Highest Arras Scores,,
12/14/2021 3:58:47,x,1049326,Test Subject 508019,https://youtube.com/watch/DJK48oPeR5,Falcon,Portal 4TDM Maze,,,
12/14/2021 7:28:16,v,2260860,Skirtati,https://www.youtube.com/watch?v=haQbeDvX8_A,Auto-Assassin,FFA,Highest Arras Scores,s k i r t a t i#9498,
12/14/2021 7:44:54,x,1185938,KAlu,https://imgur.com/a/jNa3H9W,Ambulance,Siege,,,
12/14/2021 9:46:27,v,1518560,Mine,https://imgur.com/a/66jSEeu,Falcon,Portal 4TDM Maze,,,
12/14/2021 10:35:33,v,2978281,jsoha,https://imgur.com/gallery/9do1hfa,Paramedic,Siege,Highest Arras Scores,j,
12/14/2021 12:02:29,x,1263494,GameDevWasTaken,https://imgur.com/7XWOvZI,Paramedic,Siege,,GameDevWasTaken#4645,
12/14/2021 16:13:04,x,2000000,Mr hacker's main aka spank,https://imgur.com/a/pUHC7YY,Auto Cruiser,Siege,Highest Arras Scores,"Mr hacker full expose, he cant lie anymore, mr hackers main is spank, and he isnt 4th wall",
12/15/2021 10:29:36,v,2414565,Sei,https://imgur.com/gallery/Jkg6mJL,Overlord,Open Maze TDM,Highest Arras Scores,Sei.#1512,
12/15/2021 12:22:52,v,5083826,Darky,https://imgur.com/a/WhImc9w,Landmine,2TDM,Highest Arras Scores,Just Dark?#7444,
12/15/2021 16:26:18,x,815145,Triplet 815K,https://www.youtube.com/watch?v=OWGcuhXZ6mg,Triplet,Maze 2TDM,,Brocauliflowerz#9105,
12/15/2021 16:32:11,x,1124074,Na‚Ä†o Birb,https://imgur.com/4jlZRg9,Auto Overseer,2TDM,,Na‚Ä†o Birb#8734,
12/15/2021 20:07:33,v,1135419,you tried ‚òÜ,https://imgur.com/a/VNm6SRB,Hexa Trapper,Open TDM,,,
12/15/2021 20:37:43,v,2198004,kris,https://imgur.com/a/DBWzed4,Overlord,Open TDM,Highest Arras Scores,S‡∏™kumu‚öú#5938,
12/15/2021 22:00:55,v,2874328,Darky,https://imgur.com/a/KMmwZs2,Mega Smasher,Maze 4TDM,Highest Arras Scores,Just Dark?#7444,
12/16/2021 2:04:34,x,983082,T h e   U n k n o w n,https://imgur.com/gallery/hUJ60mK3,Cyclone,Squads-Duos,Highest Arras Scores,DENYED 1 MILLION :(,
12/16/2021 4:08:48,v,2417460,ü•ïCrazy Carrotü•ï,https://imgur.com/a/y7hxsuo,Octo Tank,4TDM,Highest Arras Scores,ü•ïCrazy Carrotü•ï#6331,
12/16/2021 8:48:06,v,1034469,pool noodle,https://imgur.com/a/hw3wvRQ,Dual,Portal 4TDM Maze,,HIGH KILL COUNT = FED NO GG (all my scores are fake and i REALLY wanted dual portal 4 maze),
12/16/2021 10:08:34,v,4526372,Cykattie,https://imgur.com/a/fIrLUAh,Commander,2TDM,Highest Arras Scores,GG WR ,
12/16/2021 12:30:57,v,1293784,you tried ‚òÜ,https://imgur.com/a/bVwPjXU,Fighter,Open Maze TDM,,,
12/16/2021 12:35:21,x,1079965,Na‚Ä†o Birb,https://imgur.com/DIU8KE5,Overlord,Portal 4TDM,,Na‚Ä†o Birb#8734,
12/16/2021 23:22:04,x,7609323,VIOLET: PLEASE TEAM WITH ME,https://imgur.com/WHIm9etR,Engineer,Maze,Highest Arras Scores,WHEN WILL I GET 8 MILLIOM?,
12/17/2021 3:31:48,~,4375137,ByEkc ,https://imgur.com/a/E4nQqUY,Overlord,4TDM,Highest Arras Scores,L-39 vs c5 :smirk:,
12/17/2021 3:34:25,~,4603452,ByEkc,https://imgur.com/a/f5E3bHY,Spawner,4TDM,Highest Arras Scores,,
, ,,,,,,,,
,,,,,,,,,
,,,,,,,,,
,,,,,,,,,
,,,,,,,,,
,,,Notice:,,,,,,
,,,From now on you must message a wrm on the discord,,,,,,
,,,If you would like for your WR name to be changed,,,,,,